Кирпич сплошной глиняный обыкновенный на цементно-песчаном растворе (1800 кг/м3)	0.7	0.81
Кирпич сплошной глиняный обыкновенный на цементно-шлаковом растворе (1700 кг/м3)	0.64	0.76
Кирпич сплошной глиняный обыкновенный на цементно-перлитовом растворе (1600 кг/м3)	0.58	0.7
Кирпич сплошной силикатный на цементно-песчаном растворе (1800 кг/м3)	0.76	0.87
Кирпич сплошной трепельный на цементно-песчаном растворе (1200 кг/м3)	0.47	0.52
Кирпич сплошной трепельный на цементно-песчаном растворе (1000 кг/м^3)	0.41	0.47
Кирпич сплошной шлаковый на цементно-песчаном растворе (1500 кг/м^3)	0.64	0.7
Кирпич пустотный керамический плотностью 1400 кг/м3 (брутто) на цементно-песчаном растворе	0.58	0.64
Кирпич пустотный керамический плотностью 1300 кг/м3 (брутто) на цементно-песчаном растворе	0.52	0.58
Кирпич пустотный керамический плотностью 1000 кг/м3 (брутто) на цементно-песчаном растворе	0.47	0.52
Кирпич одиннадцатипустотный силикатный на цементно-песчаном растворе	0.7	0.81
Кирпич четырнадцатипустотный силикатный на цементно-песчаном растворе	0.64	0.76
Железобетон (2500 кг/м3)	1.92	2.4
Бетон на гравии или щебне из природного камня (2400 кг/м3)	1.74	1.86
Керамзитобетон на керамзитовом песке и керамзитопенобетон (1800 кг/м3)	0.8	0.92
Керамзитобетон на керамзитовом песке и керамзитопенобетон (1600 кг/м3)	0.67	0.79
Керамзитобетон на керамзитовом песке и керамзитопенобетон (1400 кг/м3)	0.56	0.65
Керамзитобетон на керамзитовом песке и керамзитопенобетон (1200 кг/м3)	0.44	0.52
Керамзитобетон на керамзитовом песке и керамзитопенобетон (1000 кг/м3)	0.33	0.41
Керамзитобетон на керамзитовом песке и керамзитопенобетон (800 кг/м3)	0.24	0.31
Керамзитобетон на кварцевом песке с поризацией (1200 кг/м3)	0.52	0.58
Керамзитобетон на кварцевом песке с поризацией (1000 кг/м3)	0.41	0.47
Керамзитобетон на перлитовом песке (1000 кг/м3)	0.35	0.41
Керамзитобетон на перлитовом песке (800 кг/м3)	0.29	0.35
Перлитобетон (1200 кг/м3)	0.44	0.5
Перлитобетон (1000 кг/м3)	0.33	0.38
Перлитобетон (800 кг/м3)	0.27	0.33
Газо- и пенобетон (1000 кг/м3)	0.41	0.47
Газо- и пенобетон (800 кг/м3)	0.33	0.37