﻿0	Конструкция «плавающего пола» направлена на теплоизоляцию и изоляцию ударного шума, передающегося по несущим конструкциям здания. Благодаря низкой толщине материала, вы получаете минимальные потери по высоте помещения. Система ТН-ПОЛ Проф широко применяется для тепло- звукоизоляции перекрытий жилых, общественных и административных зданий.	Улучшение акустического комфорта помещения	Плиты из каменной ваты ТЕХНОФЛОР
1	Улучшение акустического комфорта помещения	Защита от ударного шума	Пленка пароизоляционная ТехноНИКОЛЬ
2	Защита от ударного шума	Сокращение тепловых потерь	Сборная стяжка из ЦСП, либо ГВЛ, ГКЛ
3	Сокращение тепловых потерь	Легкость монтажа	Подложка под покрытие (пробковый или вспененный материал)
4	Легкость монтажа		Покрытие пола из паркетной доски или ламината
			Плита перекрытия