﻿0	ТН-КРОВЛЯ Фикс широко применяется на быстро возводимых зданиях и сооружениях. Применяемый вид пароизоляции защищает от увлажнения проникающими из помещения водяными парами, а утеплители являются негорючими (НГ) материалами. Благодаря применению высококачественной двухслойной битумно-полимерной гидроизоляции система имеет высокую поверхностную механическую прочность и надежность.	Высокая скорость монтажа	Паробарьер С (А500 или Ф1000)
1	Высокая скорость монтажа	Малый вес кровельного пирога	Каменная вата ТЕХНОРУФ Н30	*	альтернативные материалы: ТЕХНОРУФ Н ЭКСТРА, ТЕХНОРУФ Н ОПТИМА
2	Малый вес кровельного пирога	Высокая поверхностная механическая прочность	Каменная вата ТЕХНОРУФ Н30 КЛИН
3	Высокая поверхностная механическая прочность		Каменная вата ТЕХНОРУФ В60	**	альтернативные материалы: ТЕХНОРУФ ПРОФ, ТЕХНОРУФ В ПРОФ, ТЕХНОРУФ В ОПТИМА,ТЕХНОРУФ В ЭКСТРА
			Техноэласт ФИКС
			Телескопический крепеж ТехноНИКОЛЬ
			Техноэласт ЭКП