﻿0	Система состоит из теплозвукоизоляционного слоя на основе каменной ваты, пароизоляции, а также распределяющего слоя. Благодаря использованию волокнистых тепло- и звукоизоляционных плит из каменной ваты достигается эффективная звукоизоляция перекрытий. ТН-ПОЛ Проф Акустик используется при строительстве быстровозводимых жилых, общественных и административных зданий.	Эффективная тепло-, и звукоизоляция перекрытий	Железобетонная плита перекрытия
1	Эффективная тепло-, и звукоизоляция перекрытий	Удобство и простота монтажа	Техноэласт АКУСТИК СУПЕР
2	Удобство и простота монтажа	¬ысока¤ скорость работ	Деревянные лаги
3	Высокая скорость работ	Всесезонность монтажа благодаря отсутствию мокрых процессов	Плиты из каменной ваты ТЕХНОАКУСТИК
4	Всесезонность монтажа благодаря отсутствию мокрых процессов	Легкий вес конструкции и минимальная нагрузку на плиту перекрытия из-за отсутствия тяжелой бетонной стяжки	Пленка пароизоляционная ТехноНИКОЛЬ 150 г/м2
5	Легкий вес конструкции и минимальная нагрузку на плиту перекрытия из-за отсутствия тяжелой бетонной стяжки		Черновой пол из досок или фанеры OSB
			Подложка под покрытие (пробковый или вспененный материал)
			Покрытие пола из паркетной доски или ламината