Кирпич сплошной глиняный обыкновенный на цементно-песчаном растворе (1800 кг/м3)	0.7	0.81	0
Кирпич сплошной глиняный обыкновенный на цементно-шлаковом растворе (1700 кг/м3)	0.64	0.76	0
Кирпич сплошной глиняный обыкновенный на цементно-перлитовом растворе (1600 кг/м3)	0.58	0.7	0
Кирпич сплошной силикатный на цементно-песчаном растворе (1800 кг/м3)	0.76	0.87	0
Кирпич сплошной трепельный на цементно-песчаном растворе (1200 кг/м3)	0.47	0.52	0
Кирпич сплошной трепельный на цементно-песчаном растворе (1000 кг/м3)	0.41	0.47	0
Кирпич сплошной шлаковый на цементно-песчаном растворе (1500 кг/м3)	0.64	0.7	0
Кирпич пустотный керамический плотностью 1400 кг/м3 (брутто) на цементно-песчаном растворе	0.58	0.64	0
Кирпич пустотный керамический плотностью 1300 кг/м3 (брутто) на цементно-песчаном растворе	0.52	0.58	0
Кирпич пустотный керамический плотностью 1000 кг/м3 (брутто) на цементно-песчаном растворе	0.47	0.52	0
Кирпич одиннадцатипустотный силикатный на цементно-песчаном растворе	0.7	0.81	0
Кирпич четырнадцатипустотный силикатный на цементно-песчаном растворе	0.64	0.76	0
Железобетон (2500 кг/м3)	1.92	2.4	0
Бетон на гравии или щебне из природного камня (2400 кг/м3)	1.74	1.86	0
Керамзитобетон на керамзитовом песке и керамзитопенобетон (1800 кг/м3)	0.8	0.92	0
Керамзитобетон на керамзитовом песке и керамзитопенобетон (1600 кг/м3)	0.67	0.79	0
Керамзитобетон на керамзитовом песке и керамзитопенобетон (1400 кг/м3)	0.56	0.65	0
Керамзитобетон на керамзитовом песке и керамзитопенобетон (1200 кг/м3)	0.44	0.52	0
Керамзитобетон на керамзитовом песке и керамзитопенобетон (1000 кг/м3)	0.33	0.41	0
Керамзитобетон на керамзитовом песке и керамзитопенобетон (800 кг/м3)	0.24	0.31	0
Керамзитобетон на кварцевом песке с поризацией (1200 кг/м3)	0.52	0.58	0
Керамзитобетон на кварцевом песке с поризацией (1000 кг/м3)	0.41	0.47	0
Керамзитобетон на перлитовом песке (1000 кг/м3)	0.35	0.41	0
Керамзитобетон на перлитовом песке (800 кг/м3)	0.29	0.35	0
Перлитобетон (1200 кг/м3)	0.44	0.5	0
Перлитобетон (1000 кг/м3)	0.33	0.38	0
Перлитобетон (800 кг/м3)	0.27	0.33	0
Газо- и пенобетон (1000 кг/м3)	0.41	0.47	0
Газо- и пенобетон (800 кг/м3)	0.33	0.37	0
Цементно-песчанный раствор	0.76	0.93	0
ТЕПЛОРОЛЛ	0.04	0.041	1
РОКЛАЙТ	0.04	0.041	1
ТЕХНОЛАЙТ ЭКСТРА	0.039	0.041	1
ТЕХНОЛАЙТ ОПТИМА	0.04	0.041	1
ТЕХНОАКУСТИК	0.039	0.04	1
ТЕХНОФЛОР ГРУНТ	0.04	0.043	1
ТЕХНОФЛОР СТАНДАРТ	0.041	0.044	1
ТЕХНОФЛОР ПРОФ	0.044	0.047	1
ТЕХНОБЛОК СТАНДАРТ	0.039	0.04	1
ТЕХНОВЕНТ СТАНДАРТ	0.038	0.039	1
ТЕХНОВЕНТ ОПТИМА	0.038	0.04	1
ТЕХНОФАС	0.04	0.042	1
ТЕХНОФАС ЭФФЕКТ	0.04	0.042	1
ТЕХНОФАС ЭКСТРА	0.039	0.041	1
ТЕХНОРУФ 45	0.041	0.042	1
ТЕХНОРУФ Н 30	0.041	0.042	1
ТЕХНОРУФ Н 30 КЛИН	0.041	0.042	1
ТЕХНОРУФ Н 30 КЛИН	0.041	0.042	1
ТЕХНОРУФ Н 30 ВЕНТ	0.041	0.042	1
ТЕХНОРУФ Н 35 ВЕНТ	0.04	0.041	1
ТЕХНОРУФ В 60	0.041	0.043	1
XPS ТЕХНОПЛЕКС	0.034	0.034	1
XPS ТЕХНОНИКОЛЬ CARBON ECO	0.034	0.034	1
XPS ТЕХНОНИКОЛЬ CARBON PROF	0.032	0.032	1
XPS ТЕХНОНИКОЛЬ CARBON PROF 400	0.032	0.032	1
XPS ТЕХНОНИКОЛЬ CARBON SOLID 500	0.034	0.034	1
XPS ТЕХНОНИКОЛЬ CARBON ECO DRAIN	0.034	0.034	1
XPS ТЕХНОНИКОЛЬ CARBON ECO FAS	0.034	0.034	1
XPS ТЕХНОНИКОЛЬ CARBON PROF SLOPE	0.034	0.034	1
XPS ТЕХНОНИКОЛЬ CARBON PROF SLOPE	0.034	0.034	1
Плиты Клиновидные пенополиизоциануратные PIR SLOPE	0.034	0.034	1
Плиты Клиновидные пенополиизоциануратные PIR SLOPE	0.025	0.027	1
Плиты пенополиизоциануратные PIR	0.025	0.027	1
ПРИМЕР - Кладка из облицовочного кирпича	0.64	0.64	0
ПРИМЕР - Кладка из блоков полистиролбетона	0.14	0.14	1
ПРИМЕР - Минераловатные плиты	0.04	0.04	1
ПРИМЕР - Кладка из блоков ячеистого бетона	0.2	0.2	0
ПРИМЕР - Внутренняя штукатурка	0.93	0.93	0