﻿0	Система ТН-КРОВЛЯ Смарт Пир предназначена для применения на общественных (торгово-развлекательных центрах, спортивных комплексах, бассейнах и т.п.) и промышленных зданиях (складских и логистических центрах и т.п.) c повышенными требованиями к противопожарной защите и повышенными нагрузками, возникающими при производстве работ по обслуживанию кровли (в том числе чистке снега), а также при осмотре и обслуживании размещенного на крыше оборудования. Система может применяться при капитальном ремонте крыши с заменой всех слоев изоляции.		 Пленка пароизоляционная ТехноНИКОЛЬ	*	альтернативные материалы: Паробарьер С (А500 или Ф1000)
			Минераловатный утеплитель ТЕХНОРУФ Н30	**	альтернативные материалы ТЕХНОРУФ: Н ЭКСТРА, Н ОПТИМА, Н ПРОФ
			Плиты теплоизоляционные LOGICPIR СХМ/СХМ	***	альтернативные материалы: ТЕХНОНИКОЛЬ CARBON PROF SLOPE, ТЕХНОРУФ Н30 КЛИН
			Плиты теплоизоляционные LOGICPIR Ф/Ф
			Телескопический крепеж ТехноНИКОЛЬ
			Полимерная мембрана LOGICROOF V-RP	****	альтернативные материалы: LOGICROOF V-RP Arctic, ECOPLAST V-RP, V-RP Siberia